[{"model": "inventari.categoria", "pk": 1, "fields": {"nom": "Elaine Johnson", "descripcio": ""}}, {"model": "inventari.categoria", "pk": 2, "fields": {"nom": "Carlos Wilson", "descripcio": ""}}, {"model": "inventari.categoria", "pk": 3, "fields": {"nom": "Elizabeth Davis", "descripcio": ""}}, {"model": "inventari.categoria", "pk": 4, "fields": {"nom": "Michael Bryant", "descripcio": ""}}, {"model": "inventari.categoria", "pk": 5, "fields": {"nom": "Alan Fleming", "descripcio": ""}}, {"model": "inventari.categoria", "pk": 6, "fields": {"nom": "Amanda Jackson", "descripcio": ""}}, {"model": "inventari.categoria", "pk": 7, "fields": {"nom": "Barbara Williams", "descripcio": ""}}, {"model": "inventari.categoria", "pk": 8, "fields": {"nom": "Karen Wilson MD", "descripcio": ""}}, {"model": "inventari.categoria", "pk": 9, "fields": {"nom": "Sara Reynolds", "descripcio": ""}}, {"model": "inventari.categoria", "pk": 10, "fields": {"nom": "Kristin Richardson", "descripcio": ""}}, {"model": "inventari.categoria", "pk": 11, "fields": {"nom": "Bridget Casey", "descripcio": ""}}, {"model": "inventari.producte", "pk": 1, "fields": {"nom": "<bound method Provider.name of <faker.providers.person.en_US.Provider object at 0x000001578E8BABA0>>", "descripcio": "", "categoria": 2}}, {"model": "inventari.producte", "pk": 2, "fields": {"nom": "Tammy Mcdaniel", "descripcio": "", "categoria": 3}}, {"model": "inventari.producte", "pk": 3, "fields": {"nom": "Henry Gray", "descripcio": "", "categoria": 4}}, {"model": "inventari.producte", "pk": 4, "fields": {"nom": "Andrew Miller", "descripcio": "", "categoria": 5}}, {"model": "inventari.producte", "pk": 5, "fields": {"nom": "Melissa Williams", "descripcio": "", "categoria": 6}}, {"model": "inventari.producte", "pk": 6, "fields": {"nom": "Kenneth Foster", "descripcio": "", "categoria": 7}}, {"model": "inventari.producte", "pk": 7, "fields": {"nom": "Laura Baker", "descripcio": "", "categoria": 7}}, {"model": "inventari.producte", "pk": 8, "fields": {"nom": "Martha Harrison", "descripcio": "", "categoria": 7}}, {"model": "inventari.producte", "pk": 9, "fields": {"nom": "Lori Montoya", "descripcio": "", "categoria": 7}}, {"model": "inventari.producte", "pk": 10, "fields": {"nom": "Tracy Smith", "descripcio": "", "categoria": 7}}, {"model": "inventari.producte", "pk": 11, "fields": {"nom": "Phillip Hurst", "descripcio": "", "categoria": 8}}, {"model": "inventari.producte", "pk": 12, "fields": {"nom": "Valerie Lopez", "descripcio": "", "categoria": 8}}, {"model": "inventari.producte", "pk": 13, "fields": {"nom": "Andre Ingram", "descripcio": "", "categoria": 8}}, {"model": "inventari.producte", "pk": 14, "fields": {"nom": "Katherine Hanson", "descripcio": "", "categoria": 8}}, {"model": "inventari.producte", "pk": 15, "fields": {"nom": "Angela Thompson", "descripcio": "", "categoria": 8}}, {"model": "inventari.producte", "pk": 16, "fields": {"nom": "Stephen Turner", "descripcio": "", "categoria": 9}}, {"model": "inventari.producte", "pk": 17, "fields": {"nom": "Christopher Ramirez", "descripcio": "", "categoria": 9}}, {"model": "inventari.producte", "pk": 18, "fields": {"nom": "Dave George", "descripcio": "", "categoria": 9}}, {"model": "inventari.producte", "pk": 19, "fields": {"nom": "Megan Hart", "descripcio": "", "categoria": 9}}, {"model": "inventari.producte", "pk": 20, "fields": {"nom": "Dean Smith", "descripcio": "", "categoria": 9}}, {"model": "inventari.producte", "pk": 21, "fields": {"nom": "Scott Holloway", "descripcio": "", "categoria": 10}}, {"model": "inventari.producte", "pk": 22, "fields": {"nom": "Tim Hall", "descripcio": "", "categoria": 10}}, {"model": "inventari.producte", "pk": 23, "fields": {"nom": "Kimberly Hernandez", "descripcio": "", "categoria": 10}}, {"model": "inventari.producte", "pk": 24, "fields": {"nom": "Lisa Morgan", "descripcio": "", "categoria": 10}}, {"model": "inventari.producte", "pk": 25, "fields": {"nom": "Blake Cain", "descripcio": "", "categoria": 10}}, {"model": "inventari.producte", "pk": 26, "fields": {"nom": "James Henry", "descripcio": "", "categoria": 11}}, {"model": "inventari.producte", "pk": 27, "fields": {"nom": "Johnathan Lee", "descripcio": "", "categoria": 11}}, {"model": "inventari.producte", "pk": 28, "fields": {"nom": "Kevin Gonzales", "descripcio": "", "categoria": 11}}, {"model": "inventari.producte", "pk": 29, "fields": {"nom": "Andre Warren", "descripcio": "", "categoria": 11}}, {"model": "inventari.producte", "pk": 30, "fields": {"nom": "Sabrina French", "descripcio": "", "categoria": 11}}, {"model": "inventari.ubicacio", "pk": 1, "fields": {"nom": "AA", "descripcio": ""}}, {"model": "inventari.ubicacio", "pk": 2, "fields": {"nom": "AA", "descripcio": ""}}, {"model": "inventari.ubicacio", "pk": 3, "fields": {"nom": "AA", "descripcio": ""}}, {"model": "inventari.ubicacio", "pk": 4, "fields": {"nom": "AA", "descripcio": ""}}, {"model": "inventari.ubicacio", "pk": 5, "fields": {"nom": "AA", "descripcio": ""}}, {"model": "inventari.ubicacio", "pk": 6, "fields": {"nom": "Steven Gregory", "descripcio": ""}}, {"model": "inventari.ubicacio", "pk": 7, "fields": {"nom": "Mr. William Brady", "descripcio": ""}}, {"model": "inventari.ubicacio", "pk": 8, "fields": {"nom": "Kenneth White", "descripcio": ""}}, {"model": "inventari.ubicacio", "pk": 9, "fields": {"nom": "Robert Morris", "descripcio": ""}}, {"model": "inventari.ubicacio", "pk": 10, "fields": {"nom": "Jay Smith", "descripcio": ""}}, {"model": "inventari.ubicacio", "pk": 11, "fields": {"nom": "Robert Rosales", "descripcio": ""}}, {"model": "inventari.ubicacio", "pk": 12, "fields": {"nom": "Anthony Richards", "descripcio": ""}}, {"model": "inventari.ubicacio", "pk": 13, "fields": {"nom": "Raymond Snyder", "descripcio": ""}}, {"model": "inventari.ubicacio", "pk": 14, "fields": {"nom": "Alexander Evans", "descripcio": ""}}, {"model": "inventari.ubicacio", "pk": 15, "fields": {"nom": "John Nguyen", "descripcio": ""}}, {"model": "inventari.ubicacio", "pk": 16, "fields": {"nom": "Juan Elliott", "descripcio": ""}}, {"model": "inventari.ubicacio", "pk": 17, "fields": {"nom": "Paul Johnson", "descripcio": ""}}, {"model": "inventari.ubicacio", "pk": 18, "fields": {"nom": "Vincent Thornton", "descripcio": ""}}, {"model": "inventari.ubicacio", "pk": 19, "fields": {"nom": "Dustin Johnson", "descripcio": ""}}, {"model": "inventari.ubicacio", "pk": 20, "fields": {"nom": "Tommy Hale", "descripcio": ""}}, {"model": "inventari.ubicacio", "pk": 21, "fields": {"nom": "Ricky Mcmillan", "descripcio": ""}}, {"model": "inventari.ubicacio", "pk": 22, "fields": {"nom": "Jason Richards", "descripcio": ""}}, {"model": "inventari.ubicacio", "pk": 23, "fields": {"nom": "Andrew Davis", "descripcio": ""}}, {"model": "inventari.ubicacio", "pk": 24, "fields": {"nom": "Michael Cooper", "descripcio": ""}}, {"model": "inventari.ubicacio", "pk": 25, "fields": {"nom": "Patricia Moore", "descripcio": ""}}, {"model": "inventari.ubicacio", "pk": 26, "fields": {"nom": "Ashley Cox", "descripcio": ""}}, {"model": "inventari.ubicacio", "pk": 27, "fields": {"nom": "Jason Green", "descripcio": ""}}, {"model": "inventari.ubicacio", "pk": 28, "fields": {"nom": "Patricia Davis", "descripcio": ""}}, {"model": "inventari.ubicacio", "pk": 29, "fields": {"nom": "Evelyn Watson", "descripcio": ""}}, {"model": "inventari.ubicacio", "pk": 30, "fields": {"nom": "David Anderson", "descripcio": ""}}, {"model": "inventari.ubicacio", "pk": 31, "fields": {"nom": "Mario Gilmore", "descripcio": ""}}, {"model": "inventari.ubicacio", "pk": 32, "fields": {"nom": "Carlos Sanders", "descripcio": ""}}, {"model": "inventari.ubicacio", "pk": 33, "fields": {"nom": "Michael Cochran", "descripcio": ""}}, {"model": "inventari.ubicacio", "pk": 34, "fields": {"nom": "Eric Bowman", "descripcio": ""}}, {"model": "inventari.ubicacio", "pk": 35, "fields": {"nom": "Robert Cole", "descripcio": ""}}, {"model": "inventari.ubicacio", "pk": 36, "fields": {"nom": "Robert Pierce", "descripcio": ""}}, {"model": "inventari.ubicacio", "pk": 37, "fields": {"nom": "Emily Perry", "descripcio": ""}}, {"model": "inventari.ubicacio", "pk": 38, "fields": {"nom": "Kim Moran", "descripcio": ""}}, {"model": "inventari.ubicacio", "pk": 39, "fields": {"nom": "Jessica Johnson", "descripcio": ""}}, {"model": "inventari.ubicacio", "pk": 40, "fields": {"nom": "Eric George", "descripcio": ""}}, {"model": "inventari.ubicacio", "pk": 41, "fields": {"nom": "John Olson", "descripcio": ""}}, {"model": "inventari.ubicacio", "pk": 42, "fields": {"nom": "Jeffrey Wilson", "descripcio": ""}}, {"model": "inventari.ubicacio", "pk": 43, "fields": {"nom": "Scott Wright", "descripcio": ""}}, {"model": "inventari.ubicacio", "pk": 44, "fields": {"nom": "Kathleen Wilkerson", "descripcio": ""}}, {"model": "inventari.ubicacio", "pk": 45, "fields": {"nom": "Jeffery Burke", "descripcio": ""}}, {"model": "inventari.exemplar", "pk": 1, "fields": {"producte": 6, "estat": "regular", "num_serie": "KZRVEQRCWHR6", "ubicacio": 38}}, {"model": "inventari.exemplar", "pk": 2, "fields": {"producte": 6, "estat": "dolent", "num_serie": "MAXZZFWJECI5", "ubicacio": 22}}, {"model": "inventari.exemplar", "pk": 3, "fields": {"producte": 6, "estat": "regular", "num_serie": "KEGIOOFMTED2", "ubicacio": 9}}, {"model": "inventari.exemplar", "pk": 4, "fields": {"producte": 6, "estat": "regular", "num_serie": "RSBPLMNFMMT5", "ubicacio": 10}}, {"model": "inventari.exemplar", "pk": 5, "fields": {"producte": 6, "estat": "regular", "num_serie": "SLXBBOGITST9", "ubicacio": 42}}, {"model": "inventari.exemplar", "pk": 6, "fields": {"producte": 7, "estat": "be", "num_serie": "IQGIUVBVUHZ6", "ubicacio": 39}}, {"model": "inventari.exemplar", "pk": 7, "fields": {"producte": 7, "estat": "be", "num_serie": "GQSNSQJUNCW7", "ubicacio": 15}}, {"model": "inventari.exemplar", "pk": 8, "fields": {"producte": 7, "estat": "be", "num_serie": "MKMEQCCEXYG9", "ubicacio": 19}}, {"model": "inventari.exemplar", "pk": 9, "fields": {"producte": 7, "estat": "dolent", "num_serie": "IOLTOBWNTWR4", "ubicacio": 38}}, {"model": "inventari.exemplar", "pk": 10, "fields": {"producte": 7, "estat": "be", "num_serie": "TWMDJJCVRIO4", "ubicacio": 31}}, {"model": "inventari.exemplar", "pk": 11, "fields": {"producte": 8, "estat": "dolent", "num_serie": "ETTFHVSPZTN1", "ubicacio": 31}}, {"model": "inventari.exemplar", "pk": 12, "fields": {"producte": 8, "estat": "regular", "num_serie": "INUIKMUWVHT3", "ubicacio": 6}}, {"model": "inventari.exemplar", "pk": 13, "fields": {"producte": 8, "estat": "be", "num_serie": "IDEUWSWVBXZ9", "ubicacio": 21}}, {"model": "inventari.exemplar", "pk": 14, "fields": {"producte": 8, "estat": "regular", "num_serie": "NONKJUNZSFU3", "ubicacio": 21}}, {"model": "inventari.exemplar", "pk": 15, "fields": {"producte": 8, "estat": "dolent", "num_serie": "YEWSYDTFPHQ9", "ubicacio": 30}}, {"model": "inventari.exemplar", "pk": 16, "fields": {"producte": 9, "estat": "regular", "num_serie": "HNLHFMFWGSV1", "ubicacio": 6}}, {"model": "inventari.exemplar", "pk": 17, "fields": {"producte": 9, "estat": "regular", "num_serie": "HNDZMCJFVVS3", "ubicacio": 7}}, {"model": "inventari.exemplar", "pk": 18, "fields": {"producte": 9, "estat": "dolent", "num_serie": "YTCKGLPLTKL9", "ubicacio": 10}}, {"model": "inventari.exemplar", "pk": 19, "fields": {"producte": 9, "estat": "regular", "num_serie": "KISEEELMUBG4", "ubicacio": 45}}, {"model": "inventari.exemplar", "pk": 20, "fields": {"producte": 9, "estat": "dolent", "num_serie": "SLQDPIFORID0", "ubicacio": 9}}, {"model": "inventari.exemplar", "pk": 21, "fields": {"producte": 10, "estat": "be", "num_serie": "ZWQTZQNFHQU0", "ubicacio": 7}}, {"model": "inventari.exemplar", "pk": 22, "fields": {"producte": 10, "estat": "be", "num_serie": "CMSLEFOQUPJ4", "ubicacio": 41}}, {"model": "inventari.exemplar", "pk": 23, "fields": {"producte": 10, "estat": "dolent", "num_serie": "TNGJDXHYQND4", "ubicacio": 28}}, {"model": "inventari.exemplar", "pk": 24, "fields": {"producte": 10, "estat": "be", "num_serie": "REXNIFJGEGI2", "ubicacio": 9}}, {"model": "inventari.exemplar", "pk": 25, "fields": {"producte": 10, "estat": "dolent", "num_serie": "SRIYPTXJMUE4", "ubicacio": 19}}, {"model": "inventari.exemplar", "pk": 26, "fields": {"producte": 11, "estat": "regular", "num_serie": "AXGZLZLUFZY0", "ubicacio": 1}}, {"model": "inventari.exemplar", "pk": 27, "fields": {"producte": 11, "estat": "regular", "num_serie": "INBONVDSJZD1", "ubicacio": 21}}, {"model": "inventari.exemplar", "pk": 28, "fields": {"producte": 11, "estat": "dolent", "num_serie": "MKQFSNPIKFX4", "ubicacio": 9}}, {"model": "inventari.exemplar", "pk": 29, "fields": {"producte": 11, "estat": "be", "num_serie": "MESEJEETOWZ7", "ubicacio": 16}}, {"model": "inventari.exemplar", "pk": 30, "fields": {"producte": 11, "estat": "dolent", "num_serie": "PKGSUJTJICQ0", "ubicacio": 15}}, {"model": "inventari.exemplar", "pk": 31, "fields": {"producte": 12, "estat": "dolent", "num_serie": "MRNZZOZYXRC5", "ubicacio": 9}}, {"model": "inventari.exemplar", "pk": 32, "fields": {"producte": 12, "estat": "dolent", "num_serie": "BBIJDOGHLVG6", "ubicacio": 36}}, {"model": "inventari.exemplar", "pk": 33, "fields": {"producte": 12, "estat": "regular", "num_serie": "CFFFLRKYPVK5", "ubicacio": 30}}, {"model": "inventari.exemplar", "pk": 34, "fields": {"producte": 12, "estat": "regular", "num_serie": "KICPBFKONYD9", "ubicacio": 6}}, {"model": "inventari.exemplar", "pk": 35, "fields": {"producte": 12, "estat": "regular", "num_serie": "GWCNRLMIYXM5", "ubicacio": 45}}, {"model": "inventari.exemplar", "pk": 36, "fields": {"producte": 13, "estat": "dolent", "num_serie": "CGPPZSGGTDB3", "ubicacio": 20}}, {"model": "inventari.exemplar", "pk": 37, "fields": {"producte": 13, "estat": "dolent", "num_serie": "LCGZZJZKPRC8", "ubicacio": 33}}, {"model": "inventari.exemplar", "pk": 38, "fields": {"producte": 13, "estat": "dolent", "num_serie": "ERPLVPCSMID4", "ubicacio": 14}}, {"model": "inventari.exemplar", "pk": 39, "fields": {"producte": 13, "estat": "dolent", "num_serie": "SCYPTTZCJNG9", "ubicacio": 19}}, {"model": "inventari.exemplar", "pk": 40, "fields": {"producte": 13, "estat": "be", "num_serie": "PSBWNYVRIBY5", "ubicacio": 40}}, {"model": "inventari.exemplar", "pk": 41, "fields": {"producte": 14, "estat": "be", "num_serie": "UYNQRMMEXJK4", "ubicacio": 41}}, {"model": "inventari.exemplar", "pk": 42, "fields": {"producte": 14, "estat": "dolent", "num_serie": "UMYPJBUVIOC3", "ubicacio": 32}}, {"model": "inventari.exemplar", "pk": 43, "fields": {"producte": 14, "estat": "dolent", "num_serie": "TRLWYTWIVXT9", "ubicacio": 35}}, {"model": "inventari.exemplar", "pk": 44, "fields": {"producte": 14, "estat": "be", "num_serie": "BYTGTSPNYWZ8", "ubicacio": 44}}, {"model": "inventari.exemplar", "pk": 45, "fields": {"producte": 14, "estat": "dolent", "num_serie": "TWIJSCUWVSG2", "ubicacio": 11}}, {"model": "inventari.exemplar", "pk": 46, "fields": {"producte": 15, "estat": "regular", "num_serie": "GGFJZTCDUZZ2", "ubicacio": 13}}, {"model": "inventari.exemplar", "pk": 47, "fields": {"producte": 15, "estat": "be", "num_serie": "EEFKXFNDJML2", "ubicacio": 35}}, {"model": "inventari.exemplar", "pk": 48, "fields": {"producte": 15, "estat": "be", "num_serie": "TLMITZYEGDS6", "ubicacio": 5}}, {"model": "inventari.exemplar", "pk": 49, "fields": {"producte": 15, "estat": "dolent", "num_serie": "BELHUYYBTEI2", "ubicacio": 3}}, {"model": "inventari.exemplar", "pk": 50, "fields": {"producte": 15, "estat": "be", "num_serie": "NOUCQRLULDC9", "ubicacio": 6}}, {"model": "inventari.exemplar", "pk": 51, "fields": {"producte": 16, "estat": "be", "num_serie": "ROBJKSJUFWM1", "ubicacio": 5}}, {"model": "inventari.exemplar", "pk": 52, "fields": {"producte": 16, "estat": "be", "num_serie": "VUVYTBUUVKX0", "ubicacio": 26}}, {"model": "inventari.exemplar", "pk": 53, "fields": {"producte": 16, "estat": "dolent", "num_serie": "HRHDWUWSHSV8", "ubicacio": 43}}, {"model": "inventari.exemplar", "pk": 54, "fields": {"producte": 16, "estat": "be", "num_serie": "BRDYDZGHBQV8", "ubicacio": 24}}, {"model": "inventari.exemplar", "pk": 55, "fields": {"producte": 16, "estat": "dolent", "num_serie": "VUNMXLUEFIS4", "ubicacio": 4}}, {"model": "inventari.exemplar", "pk": 56, "fields": {"producte": 17, "estat": "be", "num_serie": "BLTYWXOVUXN0", "ubicacio": 22}}, {"model": "inventari.exemplar", "pk": 57, "fields": {"producte": 17, "estat": "regular", "num_serie": "BJQWLRZMZWQ8", "ubicacio": 5}}, {"model": "inventari.exemplar", "pk": 58, "fields": {"producte": 17, "estat": "be", "num_serie": "MMXYZOQHYPR2", "ubicacio": 9}}, {"model": "inventari.exemplar", "pk": 59, "fields": {"producte": 17, "estat": "regular", "num_serie": "MECNCUKZDRF2", "ubicacio": 30}}, {"model": "inventari.exemplar", "pk": 60, "fields": {"producte": 17, "estat": "be", "num_serie": "GTYUOXEXNNT7", "ubicacio": 18}}, {"model": "inventari.exemplar", "pk": 61, "fields": {"producte": 18, "estat": "dolent", "num_serie": "KENMZQFLUIS0", "ubicacio": 43}}, {"model": "inventari.exemplar", "pk": 62, "fields": {"producte": 18, "estat": "regular", "num_serie": "GQHWOMPYZFU9", "ubicacio": 28}}, {"model": "inventari.exemplar", "pk": 63, "fields": {"producte": 18, "estat": "be", "num_serie": "PFSBVBFMFSN8", "ubicacio": 36}}, {"model": "inventari.exemplar", "pk": 64, "fields": {"producte": 18, "estat": "dolent", "num_serie": "IEDBEPNZHLC4", "ubicacio": 39}}, {"model": "inventari.exemplar", "pk": 65, "fields": {"producte": 18, "estat": "be", "num_serie": "BRCFRSJGGHH7", "ubicacio": 9}}, {"model": "inventari.exemplar", "pk": 66, "fields": {"producte": 19, "estat": "regular", "num_serie": "VASBSTTLYLT1", "ubicacio": 29}}, {"model": "inventari.exemplar", "pk": 67, "fields": {"producte": 19, "estat": "be", "num_serie": "YTFXJHNCVZP6", "ubicacio": 14}}, {"model": "inventari.exemplar", "pk": 68, "fields": {"producte": 19, "estat": "dolent", "num_serie": "JMTGJMJVGCL5", "ubicacio": 21}}, {"model": "inventari.exemplar", "pk": 69, "fields": {"producte": 19, "estat": "regular", "num_serie": "KPUHTLSJDGC6", "ubicacio": 39}}, {"model": "inventari.exemplar", "pk": 70, "fields": {"producte": 19, "estat": "be", "num_serie": "GEFDQQJDEFO0", "ubicacio": 43}}, {"model": "inventari.exemplar", "pk": 71, "fields": {"producte": 20, "estat": "be", "num_serie": "ATMJHBRCNKO1", "ubicacio": 32}}, {"model": "inventari.exemplar", "pk": 72, "fields": {"producte": 20, "estat": "dolent", "num_serie": "ESLKZMGENYD7", "ubicacio": 9}}, {"model": "inventari.exemplar", "pk": 73, "fields": {"producte": 20, "estat": "regular", "num_serie": "PLOXFFXDRKP2", "ubicacio": 39}}, {"model": "inventari.exemplar", "pk": 74, "fields": {"producte": 20, "estat": "be", "num_serie": "VEJUIMIILLE6", "ubicacio": 36}}, {"model": "inventari.exemplar", "pk": 75, "fields": {"producte": 20, "estat": "regular", "num_serie": "VUOPYOSLPBL5", "ubicacio": 33}}, {"model": "inventari.exemplar", "pk": 76, "fields": {"producte": 21, "estat": "regular", "num_serie": "TZZBLBNUYPE7", "ubicacio": 25}}, {"model": "inventari.exemplar", "pk": 77, "fields": {"producte": 21, "estat": "be", "num_serie": "AMNKPWXGGPJ3", "ubicacio": 43}}, {"model": "inventari.exemplar", "pk": 78, "fields": {"producte": 21, "estat": "dolent", "num_serie": "UZRYVEKJFSR1", "ubicacio": 45}}, {"model": "inventari.exemplar", "pk": 79, "fields": {"producte": 21, "estat": "dolent", "num_serie": "COLBECSWZLO0", "ubicacio": 36}}, {"model": "inventari.exemplar", "pk": 80, "fields": {"producte": 21, "estat": "regular", "num_serie": "PSZMFFIQQGQ7", "ubicacio": 19}}, {"model": "inventari.exemplar", "pk": 81, "fields": {"producte": 22, "estat": "regular", "num_serie": "MVSPFHDUNEQ7", "ubicacio": 25}}, {"model": "inventari.exemplar", "pk": 82, "fields": {"producte": 22, "estat": "regular", "num_serie": "NLOIBPVZJCJ0", "ubicacio": 24}}, {"model": "inventari.exemplar", "pk": 83, "fields": {"producte": 22, "estat": "regular", "num_serie": "CZYFCKYEFTG4", "ubicacio": 5}}, {"model": "inventari.exemplar", "pk": 84, "fields": {"producte": 22, "estat": "be", "num_serie": "CWUYGPFEVOD4", "ubicacio": 33}}, {"model": "inventari.exemplar", "pk": 85, "fields": {"producte": 22, "estat": "be", "num_serie": "UYMQTTSTJKZ7", "ubicacio": 16}}, {"model": "inventari.exemplar", "pk": 86, "fields": {"producte": 23, "estat": "be", "num_serie": "GTZNTKEIMRI2", "ubicacio": 20}}, {"model": "inventari.exemplar", "pk": 87, "fields": {"producte": 23, "estat": "be", "num_serie": "HMKJPHDXFQS5", "ubicacio": 37}}, {"model": "inventari.exemplar", "pk": 88, "fields": {"producte": 23, "estat": "dolent", "num_serie": "EEIBKOYRKWO2", "ubicacio": 19}}, {"model": "inventari.exemplar", "pk": 89, "fields": {"producte": 23, "estat": "dolent", "num_serie": "ILXYQXSGEED6", "ubicacio": 10}}, {"model": "inventari.exemplar", "pk": 90, "fields": {"producte": 23, "estat": "regular", "num_serie": "TVYHXTOILQR3", "ubicacio": 13}}, {"model": "inventari.exemplar", "pk": 91, "fields": {"producte": 24, "estat": "regular", "num_serie": "ZMLMHJLUYYS6", "ubicacio": 18}}, {"model": "inventari.exemplar", "pk": 92, "fields": {"producte": 24, "estat": "dolent", "num_serie": "HTUDHDYVVBK4", "ubicacio": 41}}, {"model": "inventari.exemplar", "pk": 93, "fields": {"producte": 24, "estat": "regular", "num_serie": "VITNJIYWLIC5", "ubicacio": 29}}, {"model": "inventari.exemplar", "pk": 94, "fields": {"producte": 24, "estat": "dolent", "num_serie": "ECRONMPOXBP7", "ubicacio": 10}}, {"model": "inventari.exemplar", "pk": 95, "fields": {"producte": 24, "estat": "be", "num_serie": "TWKCWECXLRL0", "ubicacio": 17}}, {"model": "inventari.exemplar", "pk": 96, "fields": {"producte": 25, "estat": "dolent", "num_serie": "GAQUWKKMGPJ3", "ubicacio": 14}}, {"model": "inventari.exemplar", "pk": 97, "fields": {"producte": 25, "estat": "dolent", "num_serie": "CNYHVOSFXPO2", "ubicacio": 17}}, {"model": "inventari.exemplar", "pk": 98, "fields": {"producte": 25, "estat": "regular", "num_serie": "ATKDVESLPOM3", "ubicacio": 36}}, {"model": "inventari.exemplar", "pk": 99, "fields": {"producte": 25, "estat": "be", "num_serie": "SLZVPPJHCHB2", "ubicacio": 16}}, {"model": "inventari.exemplar", "pk": 100, "fields": {"producte": 25, "estat": "regular", "num_serie": "PHDLSQUSTPG6", "ubicacio": 23}}, {"model": "inventari.exemplar", "pk": 101, "fields": {"producte": 26, "estat": "regular", "num_serie": "CIXYPEHPYXJ6", "ubicacio": 2}}, {"model": "inventari.exemplar", "pk": 102, "fields": {"producte": 26, "estat": "regular", "num_serie": "ASMMBDYSCUR3", "ubicacio": 43}}, {"model": "inventari.exemplar", "pk": 103, "fields": {"producte": 26, "estat": "regular", "num_serie": "ASUWKREPGJT4", "ubicacio": 8}}, {"model": "inventari.exemplar", "pk": 104, "fields": {"producte": 26, "estat": "dolent", "num_serie": "TRZYPNYSTUX3", "ubicacio": 10}}, {"model": "inventari.exemplar", "pk": 105, "fields": {"producte": 26, "estat": "regular", "num_serie": "HUHVDZQSSKW7", "ubicacio": 11}}, {"model": "inventari.exemplar", "pk": 106, "fields": {"producte": 27, "estat": "regular", "num_serie": "BIUFYRXUDYP3", "ubicacio": 12}}, {"model": "inventari.exemplar", "pk": 107, "fields": {"producte": 27, "estat": "be", "num_serie": "MWLMVYCJLXH7", "ubicacio": 20}}, {"model": "inventari.exemplar", "pk": 108, "fields": {"producte": 27, "estat": "regular", "num_serie": "VGBCIGGZUMC9", "ubicacio": 4}}, {"model": "inventari.exemplar", "pk": 109, "fields": {"producte": 27, "estat": "dolent", "num_serie": "FRDDRHBMKUD3", "ubicacio": 14}}, {"model": "inventari.exemplar", "pk": 110, "fields": {"producte": 27, "estat": "regular", "num_serie": "MYPSJBFQTSJ1", "ubicacio": 8}}, {"model": "inventari.exemplar", "pk": 111, "fields": {"producte": 28, "estat": "be", "num_serie": "CRDUCIWXMIP2", "ubicacio": 21}}, {"model": "inventari.exemplar", "pk": 112, "fields": {"producte": 28, "estat": "regular", "num_serie": "EGVDYFPTGWM1", "ubicacio": 6}}, {"model": "inventari.exemplar", "pk": 113, "fields": {"producte": 28, "estat": "regular", "num_serie": "SXBTLTDVXRR8", "ubicacio": 36}}, {"model": "inventari.exemplar", "pk": 114, "fields": {"producte": 28, "estat": "regular", "num_serie": "TWWGIVFGTVI8", "ubicacio": 40}}, {"model": "inventari.exemplar", "pk": 115, "fields": {"producte": 28, "estat": "regular", "num_serie": "SMMWLZQFBIK4", "ubicacio": 9}}, {"model": "inventari.exemplar", "pk": 116, "fields": {"producte": 29, "estat": "be", "num_serie": "SEIIQJDYLHT2", "ubicacio": 22}}, {"model": "inventari.exemplar", "pk": 117, "fields": {"producte": 29, "estat": "be", "num_serie": "KNYWRERQQXE1", "ubicacio": 27}}, {"model": "inventari.exemplar", "pk": 118, "fields": {"producte": 29, "estat": "be", "num_serie": "BOPPWCVUQSQ2", "ubicacio": 16}}, {"model": "inventari.exemplar", "pk": 119, "fields": {"producte": 29, "estat": "be", "num_serie": "HMIXSZJOMVE8", "ubicacio": 1}}, {"model": "inventari.exemplar", "pk": 120, "fields": {"producte": 29, "estat": "dolent", "num_serie": "PAPOEZYOPIH2", "ubicacio": 21}}, {"model": "inventari.exemplar", "pk": 121, "fields": {"producte": 30, "estat": "be", "num_serie": "MVCZUSBCEMT4", "ubicacio": 4}}, {"model": "inventari.exemplar", "pk": 122, "fields": {"producte": 30, "estat": "dolent", "num_serie": "FJMSLQCUHLL2", "ubicacio": 13}}, {"model": "inventari.exemplar", "pk": 123, "fields": {"producte": 30, "estat": "dolent", "num_serie": "OMXEMUGGZXZ2", "ubicacio": 24}}, {"model": "inventari.exemplar", "pk": 124, "fields": {"producte": 30, "estat": "dolent", "num_serie": "GLDDQJTKPFD8", "ubicacio": 15}}, {"model": "inventari.exemplar", "pk": 125, "fields": {"producte": 30, "estat": "dolent", "num_serie": "GAWJCTPIRXP2", "ubicacio": 36}}, {"model": "contenttypes.contenttype", "fields": {"app_label": "admin", "model": "logentry"}}, {"model": "contenttypes.contenttype", "fields": {"app_label": "auth", "model": "permission"}}, {"model": "contenttypes.contenttype", "fields": {"app_label": "auth", "model": "group"}}, {"model": "contenttypes.contenttype", "fields": {"app_label": "auth", "model": "user"}}, {"model": "contenttypes.contenttype", "fields": {"app_label": "contenttypes", "model": "contenttype"}}, {"model": "contenttypes.contenttype", "fields": {"app_label": "sessions", "model": "session"}}, {"model": "contenttypes.contenttype", "fields": {"app_label": "inventari", "model": "ubicacio"}}, {"model": "contenttypes.contenttype", "fields": {"app_label": "inventari", "model": "categoria"}}, {"model": "contenttypes.contenttype", "fields": {"app_label": "inventari", "model": "exemplar"}}, {"model": "contenttypes.contenttype", "fields": {"app_label": "inventari", "model": "producte"}}, {"model": "sessions.session", "pk": "ovx5iyirv2prhvu6bzdopwmkt9jbi9o1", "fields": {"session_data": ".eJxVjEEOwiAURO_C2hA-lAIu3fcM5MMHqRpISrsy3t2QdKHLmfdm3szjsRd_9LT5ldiVAbv8dgHjM9UB6IH13nhsdd_WwIfCT9r50ii9bqf7d1Cwl7GeFSlNWocgtbBWmRGcRW2jA8KsacoECoSZMFs5k4UsQpTOkZGQ2OcL0d43gA:1sMtuK:nZk18RIZkp3qFlvdkhgh8Tz2lxCbzexe54t002XRtmo", "expire_date": "2024-07-11T18:31:44.652Z"}}, {"model": "auth.permission", "fields": {"name": "Can add log entry", "content_type": ["admin", "logentry"], "codename": "add_logentry"}}, {"model": "auth.permission", "fields": {"name": "Can change log entry", "content_type": ["admin", "logentry"], "codename": "change_logentry"}}, {"model": "auth.permission", "fields": {"name": "Can delete log entry", "content_type": ["admin", "logentry"], "codename": "delete_logentry"}}, {"model": "auth.permission", "fields": {"name": "Can view log entry", "content_type": ["admin", "logentry"], "codename": "view_logentry"}}, {"model": "auth.permission", "fields": {"name": "Can add permission", "content_type": ["auth", "permission"], "codename": "add_permission"}}, {"model": "auth.permission", "fields": {"name": "Can change permission", "content_type": ["auth", "permission"], "codename": "change_permission"}}, {"model": "auth.permission", "fields": {"name": "Can delete permission", "content_type": ["auth", "permission"], "codename": "delete_permission"}}, {"model": "auth.permission", "fields": {"name": "Can view permission", "content_type": ["auth", "permission"], "codename": "view_permission"}}, {"model": "auth.permission", "fields": {"name": "Can add group", "content_type": ["auth", "group"], "codename": "add_group"}}, {"model": "auth.permission", "fields": {"name": "Can change group", "content_type": ["auth", "group"], "codename": "change_group"}}, {"model": "auth.permission", "fields": {"name": "Can delete group", "content_type": ["auth", "group"], "codename": "delete_group"}}, {"model": "auth.permission", "fields": {"name": "Can view group", "content_type": ["auth", "group"], "codename": "view_group"}}, {"model": "auth.permission", "fields": {"name": "Can add user", "content_type": ["auth", "user"], "codename": "add_user"}}, {"model": "auth.permission", "fields": {"name": "Can change user", "content_type": ["auth", "user"], "codename": "change_user"}}, {"model": "auth.permission", "fields": {"name": "Can delete user", "content_type": ["auth", "user"], "codename": "delete_user"}}, {"model": "auth.permission", "fields": {"name": "Can view user", "content_type": ["auth", "user"], "codename": "view_user"}}, {"model": "auth.permission", "fields": {"name": "Can add content type", "content_type": ["contenttypes", "contenttype"], "codename": "add_contenttype"}}, {"model": "auth.permission", "fields": {"name": "Can change content type", "content_type": ["contenttypes", "contenttype"], "codename": "change_contenttype"}}, {"model": "auth.permission", "fields": {"name": "Can delete content type", "content_type": ["contenttypes", "contenttype"], "codename": "delete_contenttype"}}, {"model": "auth.permission", "fields": {"name": "Can view content type", "content_type": ["contenttypes", "contenttype"], "codename": "view_contenttype"}}, {"model": "auth.permission", "fields": {"name": "Can add session", "content_type": ["sessions", "session"], "codename": "add_session"}}, {"model": "auth.permission", "fields": {"name": "Can change session", "content_type": ["sessions", "session"], "codename": "change_session"}}, {"model": "auth.permission", "fields": {"name": "Can delete session", "content_type": ["sessions", "session"], "codename": "delete_session"}}, {"model": "auth.permission", "fields": {"name": "Can view session", "content_type": ["sessions", "session"], "codename": "view_session"}}, {"model": "auth.permission", "fields": {"name": "Can add ubicacions", "content_type": ["inventari", "ubicacio"], "codename": "add_ubicacions"}}, {"model": "auth.permission", "fields": {"name": "Can change ubicacions", "content_type": ["inventari", "ubicacio"], "codename": "change_ubicacions"}}, {"model": "auth.permission", "fields": {"name": "Can delete ubicacions", "content_type": ["inventari", "ubicacio"], "codename": "delete_ubicacions"}}, {"model": "auth.permission", "fields": {"name": "Can view ubicacions", "content_type": ["inventari", "ubicacio"], "codename": "view_ubicacions"}}, {"model": "auth.permission", "fields": {"name": "Can add categoria", "content_type": ["inventari", "categoria"], "codename": "add_categoria"}}, {"model": "auth.permission", "fields": {"name": "Can change categoria", "content_type": ["inventari", "categoria"], "codename": "change_categoria"}}, {"model": "auth.permission", "fields": {"name": "Can delete categoria", "content_type": ["inventari", "categoria"], "codename": "delete_categoria"}}, {"model": "auth.permission", "fields": {"name": "Can view categoria", "content_type": ["inventari", "categoria"], "codename": "view_categoria"}}, {"model": "auth.permission", "fields": {"name": "Can add exemplars", "content_type": ["inventari", "exemplar"], "codename": "add_exemplars"}}, {"model": "auth.permission", "fields": {"name": "Can change exemplars", "content_type": ["inventari", "exemplar"], "codename": "change_exemplars"}}, {"model": "auth.permission", "fields": {"name": "Can delete exemplars", "content_type": ["inventari", "exemplar"], "codename": "delete_exemplars"}}, {"model": "auth.permission", "fields": {"name": "Can view exemplars", "content_type": ["inventari", "exemplar"], "codename": "view_exemplars"}}, {"model": "auth.permission", "fields": {"name": "Can add producte", "content_type": ["inventari", "producte"], "codename": "add_producte"}}, {"model": "auth.permission", "fields": {"name": "Can change producte", "content_type": ["inventari", "producte"], "codename": "change_producte"}}, {"model": "auth.permission", "fields": {"name": "Can delete producte", "content_type": ["inventari", "producte"], "codename": "delete_producte"}}, {"model": "auth.permission", "fields": {"name": "Can view producte", "content_type": ["inventari", "producte"], "codename": "view_producte"}}, {"model": "auth.permission", "fields": {"name": "Can add exemplar", "content_type": ["inventari", "exemplar"], "codename": "add_exemplar"}}, {"model": "auth.permission", "fields": {"name": "Can change exemplar", "content_type": ["inventari", "exemplar"], "codename": "change_exemplar"}}, {"model": "auth.permission", "fields": {"name": "Can delete exemplar", "content_type": ["inventari", "exemplar"], "codename": "delete_exemplar"}}, {"model": "auth.permission", "fields": {"name": "Can view exemplar", "content_type": ["inventari", "exemplar"], "codename": "view_exemplar"}}, {"model": "auth.permission", "fields": {"name": "Can add ubicacio", "content_type": ["inventari", "ubicacio"], "codename": "add_ubicacio"}}, {"model": "auth.permission", "fields": {"name": "Can change ubicacio", "content_type": ["inventari", "ubicacio"], "codename": "change_ubicacio"}}, {"model": "auth.permission", "fields": {"name": "Can delete ubicacio", "content_type": ["inventari", "ubicacio"], "codename": "delete_ubicacio"}}, {"model": "auth.permission", "fields": {"name": "Can view ubicacio", "content_type": ["inventari", "ubicacio"], "codename": "view_ubicacio"}}, {"model": "auth.user", "fields": {"password": "pbkdf2_sha256$600000$4vOSP3n7ORp1izJWvWqI70$GjsKx5ao3lUXk+idGoC4OEZrDMCtkTquihksoSpWYzM=", "last_login": "2024-06-27T18:31:44.645Z", "is_superuser": true, "username": "admin", "first_name": "", "last_name": "", "email": "", "is_staff": true, "is_active": true, "date_joined": "2024-06-27T18:05:13.256Z", "groups": [], "user_permissions": []}}]